titulo,resumo,data_publicacao,url,pagina,coletado_em
Atibaia realiza 1º Encontro sobre Esclerose Múltipla e lança cadastro,,2026-09-16T13:21:02.948Z,https://g1.globo.com/sp/vale-do-paraiba-regiao/especial-publicitario/prefeitura-de-atibaia/noticias-de-atibaia/noticia/2026/09/16/atibaia-realiza-1o-encontro-sobre-esclerose-multipla-e-lanca-cadastro.ghtml,1,2026-09-16T21:57:39.653642-03:00
Integração TEC: mais de 37% dos órgãos e empresas não seguem regras da LGPD,Falhas na proteção de dados podem facilitar golpes e outros crimes. Veja esse e outros destaques do quadro.,2026-08-26T13:52:03-03:00,https://g1.globo.com/mg/zona-da-mata/mg1-zona-da-mata/video/integracao-tec-mais-de-37-dos-orgaos-e-empresas-nao-seguem-regras-da-lgpd-14903650.ghtml,1,2026-09-16T21:57:39.653642-03:00
EmpregaTrans: capacitação gratuita para pessoas trans e travestis abre 30 vagas em Cuiabá; saiba como se inscrever,,2026-09-15T16:40:53.050Z,https://g1.globo.com/mt/mato-grosso/noticia/2026/09/15/empregatrans-capacitacao-gratuita-para-pessoas-trans-abre-30-vagas-em-cuiaba-saiba-como-se-inscrever.ghtml,1,2026-09-16T21:57:39.653642-03:00
Brigou no avião? Você poderá ficar até um ano proibido de voar; entenda nova regra da Anac que está em vigor,,2026-09-15T03:00:01.276Z,https://g1.globo.com/turismo-e-viagem/noticia/2026/09/15/brigou-no-aviao-voce-podera-ficar-ate-um-ano-proibido-de-voar-entenda-nova-regra-da-anac-que-esta-em-vigor.ghtml,1,2026-09-16T21:57:39.653642-03:00
Por que o Brasil multou o TikTok e suspendeu lives do Discord? Entenda a diferença entre os casos,,2026-08-25T19:27:03.279Z,https://g1.globo.com/tecnologia/noticia/2026/08/25/por-que-a-anpd-multou-o-tiktok-e-suspendeu-lives-do-discord-entenda-a-diferenca-entre-os-casos.ghtml,1,2026-09-16T21:57:39.653642-03:00
Novos médicos cooperados concluem curso de formação,,2026-09-04T21:18:20.713Z,https://g1.globo.com/pe/petrolina-regiao/especial-publicitario/unimed-vale-do-sao-francisco-o-cuidado-esta-em-tudo/noticia/2026/09/04/novos-medicos-cooperados-concluem-curso-de-formacao.ghtml,1,2026-09-16T21:57:39.653642-03:00
Gilmar Mendes critica vazamento de conversas privadas de Vorcaro e ex-namorada e defende 'LGPD Penal',,2026-03-09T19:04:08.578Z,https://g1.globo.com/politica/noticia/2026/03/09/gilmar-mendes-critica-vazamento-de-conversas-privadas-de-vorcaro-e-ex-namorada-e-defende-lgpd-penal.ghtml,1,2026-09-16T21:57:39.653642-03:00
Como a comunicação digital transforma a experiência do consumidor,,2026-09-09T19:32:31.439Z,https://g1.globo.com/am/amazonas/especial-publicitario/amazon-copy/noticia/2026/09/08/como-a-comunicacao-digital-transforma-a-experiencia-do-consumidor.ghtml,1,2026-09-16T21:57:39.653642-03:00
Santarém lança canal digital para denúncias e reclamações sobre o SUS,,2026-09-04T20:33:30.561Z,https://g1.globo.com/pa/santarem-regiao/noticia/2026/09/04/santarem-lanca-canal-digital-para-denuncias-e-reclamacoes-sobre-o-sus.ghtml,1,2026-09-16T21:57:39.653642-03:00
Governo lança medidas para padronizar uso de biometria em portos e aeroportos,,2026-08-31T22:52:12.712Z,https://g1.globo.com/economia/noticia/2026/08/31/governo-quer-padronizar-uso-de-biometria-em-portos-e-aeroportos.ghtml,1,2026-09-16T21:57:39.653642-03:00
TikTok leva multa inédita no Brasil: o que causou a decisão? E o que muda? Veja perguntas e respostas,,2026-08-26T13:17:40.549Z,https://g1.globo.com/tecnologia/noticia/2026/08/26/tiktok-leva-multa-inedita-no-brasil-o-que-causou-a-decisao-e-o-que-muda-veja-perguntas-e-respostas.ghtml,2,2026-09-16T21:57:41.300442-03:00
Carteirinha do Passe Livre causa dúvidas com nova exigência de documento da LGPD,"Volta às aulas provoca aumento na procura pelo serviço, que registrou filas e estudantes sem entender a documentação necessária.",2026-02-03T13:40:26-03:00,https://g1.globo.com/mg/triangulo-mineiro/mg1-uberlandia/video/carteirinha-do-passe-livre-causa-duvidas-com-nova-exigencia-de-documento-da-lgpd-14312548.ghtml,2,2026-09-16T21:57:41.300442-03:00
Prefeitura suspende aplicativo de Zona Azul após vazamento de dados de clientes em Poços de Caldas,,2026-07-14T18:14:28.533Z,https://g1.globo.com/mg/sul-de-minas/noticia/2026/07/14/prefeitura-suspende-aplicativo-de-zona-azul-apos-vazamento-de-dados-de-clientes-em-pocos-de-caldas.ghtml,2,2026-09-16T21:57:41.300442-03:00
Fiança Locatícia e LGPD: como proteger dados em um processo tão sensível,,2025-11-17T17:18:12.315Z,https://g1.globo.com/sp/campinas-regiao/especial-publicitario/liveb-bank-liveb-bank-fianca-locaticia/noticia/2025/11/17/fianca-locaticia-e-lgpd-como-proteger-dados-em-um-processo-tao-sensivel.ghtml,2,2026-09-16T21:57:41.300442-03:00
Homem-Aranha na BMW abre discussão: montadoras podem colocar propaganda na tela do carro?,,2026-08-20T06:00:48.715Z,https://g1.globo.com/carros/noticia/2026/08/20/propaganda-na-tela-do-carro.ghtml,2,2026-09-16T21:57:41.300442-03:00
"ANPD multa TikTok em R$ 153,7 milhões por falhas na proteção de menores",,2026-08-26T00:01:26.464Z,https://g1.globo.com/tecnologia/noticia/2026/08/25/anpd-multa-tiktok-por-falhas-na-protecao-de-menores.ghtml,2,2026-09-16T21:57:41.300442-03:00
"Vazamento de dados de mais de 600 pessoas com HIV na BA viola Constituição, LGPD e outras",Código de Ética Médica e as normas do Sistema Único de Saúde (SUS) também foram violadas após a Prefeitura de Feira de Santana divulgar os dados sigilosos.,2025-09-23T07:26:17-03:00,https://g1.globo.com/ba/bahia/videos-jornal-da-manha/video/vazamento-de-dados-de-mais-de-600-pessoas-com-hiv-na-ba-viola-constituicao-lgpd-e-outras-13952279.ghtml,2,2026-09-16T21:57:41.300442-03:00
LGPD determina regras aos órgãos públicos para protegerem dados dos cidadãos,LGPD determina regras aos órgãos públicos para protegerem dados dos cidadãos,2025-10-21T12:46:30-03:00,https://g1.globo.com/to/tocantins/videos-bom-dia-tocantins/video/lgpd-determina-regras-aos-orgaos-publicos-para-protegerem-dados-dos-cidadaos-14030200.ghtml,2,2026-09-16T21:57:41.300442-03:00
Cadastro de agressores e campanha contra abuso infantil: conheça novas leis sancionadas em Cuiabá,,2026-08-26T16:40:16.890Z,https://g1.globo.com/mt/mato-grosso/noticia/2026/08/26/cadastro-de-agressores-e-campanha-contra-abuso-infantil-conheca-novas-leis-de-cuiaba.ghtml,2,2026-09-16T21:57:41.300442-03:00
Câmera escondida no banheiro do trabalho: o que diz a lei e como denunciar,,2026-09-06T10:09:21.522Z,https://g1.globo.com/trabalho-e-carreira/noticia/2026/09/05/camera-escondida-no-banheiro-do-trabalho-o-que-diz-a-lei-e-como-denunciar.ghtml,2,2026-09-16T21:57:41.300442-03:00
Homem é preso suspeito de agredir a irmã em Itatiba,,2026-08-20T23:17:40.066Z,https://g1.globo.com/sp/sorocaba-jundiai/noticia/2026/08/20/homem-e-preso-suspeito-de-agredir-a-irma-em-itatiba.ghtml,3,2026-09-16T21:57:43.083514-03:00
"Delegada Vilma Alves segue internada após sofrer infarto em Teresina: 'lutando pela vida', diz filha",,2026-08-23T12:09:55.559Z,https://g1.globo.com/pi/piaui/noticia/2026/08/21/delegada-teresina-filha.ghtml,3,2026-09-16T21:57:43.083514-03:00
"Vazamento de dados de mais de 600 pessoas com HIV na BA viola Constituição, LGPD e outras normas",,2025-09-23T13:15:17.806Z,https://g1.globo.com/ba/feira-de-santana-regiao/noticia/2025/09/23/vazamento-de-dados-de-pessoas-com-hiv-na-ba-viola-leis-e-normas.ghtml,3,2026-09-16T21:57:43.083514-03:00
Entidades acionam MPF contra óculos inteligentes da Meta por riscos à privacidade e aos consumidores,,2026-08-21T13:50:19.593Z,https://g1.globo.com/tecnologia/noticia/2026/08/21/entidades-acionam-mpf-contra-oculos-inteligentes-da-meta-por-riscos-a-privacidade-e-aos-consumidores.ghtml,3,2026-09-16T21:57:43.083514-03:00
Pastor-belga que atacou veterinária no Senado é retirado das atividades e passará por exames,,2026-08-19T03:00:42.953Z,https://g1.globo.com/df/distrito-federal/noticia/2026/08/19/pastor-belga-que-atacou-veterinaria-no-senado-e-retirado-das-atividades-e-passara-por-exames.ghtml,3,2026-09-16T21:57:43.083514-03:00
"Brigou no avião? Você poderá ficar até um ano proibido de voar; entenda, em cinco pontos, a nova regra da Anac",,2026-08-20T10:38:32.283Z,https://g1.globo.com/turismo-e-viagem/noticia/2026/08/20/brigou-no-aviao-voce-podera-ficar-ate-um-ano-proibido-de-voar-entenda-em-cinco-pontos-a-nova-regra-da-anac.ghtml,3,2026-09-16T21:57:43.083514-03:00
Motorista de caminhonete persegue e esfaqueia motoboy em pizzaria no PR após briga de trânsito e é encontrado com ajuda de IA,,2026-08-21T14:51:44.315Z,https://g1.globo.com/pr/campos-gerais-sul/noticia/2026/08/21/motorista-de-caminhonete-persegue-e-esfaqueia-motoboy-em-pizzaria-no-pr-apos-briga-de-transito-e-e-encontrado-com-ajuda-de-ia.ghtml,3,2026-09-16T21:57:43.083514-03:00
"Latam diz que falha de segurança expôs nome, endereço e parte do cartão de crédito de clientes",,2026-08-20T13:25:38.510Z,https://g1.globo.com/tecnologia/noticia/2026/08/19/latam-incidente-seguranca-dados.ghtml,3,2026-09-16T21:57:43.083514-03:00
"Plano de governo: Du Pereira promete painel público, escritório estadual de projetos e diagnóstico das rodovias",,2026-09-03T09:01:20.134Z,https://g1.globo.com/to/tocantins/eleicoes/2026/noticia/2026/09/03/plano-de-governo-du-pereira-promete-painel-publico-escritorio-estadual-de-projetos-e-diagnostico-das-rodovias.ghtml,3,2026-09-16T21:57:43.083514-03:00
LGPD em TI: Como empresas podem garantir conformidade com suas operações,,2025-05-21T20:56:11.645Z,https://g1.globo.com/pb/paraiba/especial-publicitario/hostdime/noticia/2025/05/21/lgpd-em-ti-como-empresas-podem-garantir-conformidade-com-suas-operacoes.ghtml,3,2026-09-16T21:57:43.083514-03:00
